{"pretrained_model_name": "ksgr5566/mod-trial-latest", "description": "{\"test_loss\": 0.8569326400756836, \"test_rouge1\": 0.6831876795992017, \"test_rouge2\": 0.5420614517140887, \"test_rougeL\": 0.6511745165376515, \"test_rougeLsum\": 0.6524530518215632, \"test_bleu\": 0.4108962276211448, \"test_precisions\": [0.8404907975460123, 0.6622516556291391, 0.5611510791366906, 0.47244094488188976], \"test_brevity_penalty\": 0.6629584603806585, \"test_length_ratio\": 0.7086956521739131, \"test_translation_length\": 163, \"test_reference_length\": 230, \"test_gen_len\": 17.25, \"test_runtime\": 7.8689, \"test_samples_per_second\": 1.525, \"test_steps_per_second\": 1.525}", "size_bytes": "557971229", "downloads": 0}