{"train/train_runtime": 3.3876, "train/train_samples_per_second": 0.59, "train/train_steps_per_second": 0.59, "train/total_flos": 67670900736.0, "train/train_loss": 10.779478073120117, "train/epoch": 1.0, "train/global_step": 2, "_timestamp": 1683123082.8543968, "_runtime": 132.30060982704163, "_step": 0, "_wandb": {"runtime": 18}}